Column,Weight
DigLogins_UniqDays,0.41378838359034675
Alerts_enrolled,0.16786224480691764
DigLogins_TotalLogins,0.14340564832488786
DebitCard_Tx,0.1281659164766587
OnlineWallet_Tx,0.04821740243750778
OnlineWallet_Dollars,0.03976496139128395
DebitCard_Spend,0.03609085044695373
Remote_Dep_Ct,0.01901182767741296
Remote_Dep_Amt,0.00369276484803056
